id	first_name	last_name	gender
19db8101-03ca-479a-bdc3-a78170f73467	Jennifer	Foster	female
eb1c011d-fe2d-453e-aa2d-b94076c63806	Michael	Myers	male
40abe7b1-02db-44dd-9f97-ad02b9e95625	Derek	Shea	female
fd8e7035-c48b-43c6-aae4-5520ed4823b1	Susan	Dunn	female
a9321eb9-c067-43c3-acda-af6ca06d3e0f	Brandy	Arnold	female
9ebf2455-3437-4e1b-af90-e068bf1d8d2e	Brian	Floyd	female
d72331fe-19ee-4c9d-a8df-9a0211eff35b	Kaitlyn	Jensen	female
7555d910-9219-4d2d-9838-2e79f364eb47	Sarah	Salazar	female
487007f8-ca00-4079-b1e5-a28a914cd564	Kristy	Mitchell	male
c681a8e3-0328-482b-a86d-f85f6dcec969	John	Bates	female
