id	vendor	phone	address
3aa4c11f-b80e-4f54-8738-2d2eee10d710	Morris Ltd	(142)870-5475x607	"8284 Bush Village Apt. 086
South Angela, OR 36819"
107cb58b-b7f9-496d-acaa-35524d33944c	Hudson, Dunn and Flores	+1-171-768-8756	"771 Hart Lock
East Jennifer, WA 15417"
819c5930-0199-40b1-a412-7ad48ab02d76	Pope and Sons	(165)724-3046	"47899 Patrick Plaza Apt. 909
New Matthew, ND 34712"
35be7830-a37c-4e3f-aa6c-509b47399164	James-Aguirre	001-642-406-7908x1558	"3091 Frank Shoal Apt. 290
East Ann, MP 25377"
eab79f3d-2c47-46c4-afd8-2ac5ccc9d49b	Smith, Kelly and Ryan	+1-472-059-4663x6371	"853 Tyler Inlet Suite 604
Teresaberg, AL 83446"
c17c23f1-e4bd-44b0-9f14-974a7eeec181	Mcintyre LLC	430.045.1769	"999 Jenna Groves Suite 749
East Michaelmouth, TX 60902"
2a70f541-3053-4365-b79d-a4d90c04f313	Perez Ltd	6124215229	"USCGC Johnson
FPO AE 21770"
c834e089-072e-45e9-910e-a020c6cf53bb	Alexander, Robinson and Harris	001-541-220-0011x425	"9079 Emily Rue
Fishermouth, NJ 20959"
bbbe2093-4f8b-4713-aa64-ad4bf6c93a5e	Craig and Sons	+1-221-571-3896x287	"31611 Nicole Avenue Apt. 256
New Melanieburgh, KY 01244"
00680f20-d0b5-490f-a8ba-77c06438ac49	Armstrong Inc	(774)638-0796x9339	"72135 Walter Divide
South Michelle, HI 49462"
8e7f3973-2095-4d58-8769-f9f863716152	Pearson Ltd	(590)666-3730x0591	"58751 Mary Lock Apt. 461
Charlesshire, AZ 43909"
08fbb3d5-cd72-45db-9f76-775b8e7af861	Garcia PLC	917.712.2778x8415	"73861 Edward Coves
Samueltown, FM 29621"
cc4b3540-e125-4bd8-9cc5-b951c49cc8f5	Brady Inc	980-051-1292	"2375 Thomas Mountains
South Jamesstad, VT 03994"
666f39e6-307b-4016-86f8-fb2024b0847e	Edwards, Simmons and Williams	799.560.5778x610	"15649 Max Pine Suite 151
Melvinhaven, PW 89536"
8a147a40-fc14-48e3-b256-404e67b663b6	Jones, Wilson and Cooper	+1-954-130-3405	"02689 Heidi Tunnel Apt. 870
Waltersstad, OH 65417"
35124a01-66d5-47ff-9ddf-73e70a68d9fe	Jensen and Sons	(369)040-6911x2458	"735 Hart Court Suite 013
Miguelhaven, WV 17280"
228e7246-eedb-4920-afa5-0655482ebb48	Murray, Smith and Perkins	001-314-979-5568x49388	"303 Glenn Village Apt. 705
Garrettland, KS 52282"
8b7c7dd1-cc7b-4697-8a1c-cd2bb7841e2c	Brown PLC	+1-306-866-6281	"USS Clark
FPO AA 70574"
7bbd8c8c-e1f3-46cf-96d0-3bbe2e3940f2	Larson PLC	403-288-0193x125	"503 Wiggins Fort Apt. 357
East Gloriaville, NE 71235"
17bceccb-c80c-449a-931c-b6d71f6d0d52	Quinn, Hunt and Nguyen	562-549-1574x1730	"9203 Ross Valley
Miguelfort, GA 64829"
362ed30b-7066-40d5-a905-5a512c073cd7	Walls, Pollard and Rodgers	(432)018-5806x03716	"13084 Antonio Mill Suite 879
Port Elizabethtown, VT 42607"
3e5103bd-d0b5-4161-8192-59544c5b0ea6	Rodriguez PLC	+1-463-155-3993x65610	"9100 Jones Port Suite 368
North Kimberly, MD 06884"
d2799a91-97f5-4ecc-a993-ac8673c6bfb8	Jones and Sons	6574258781	"998 Goodwin Point
West Katherine, NJ 27856"
02a377c7-4d44-4517-8cf0-46f8e9fcb151	Serrano Group	(826)141-8993	"9191 Erika Fords Suite 730
East Joseph, UT 96665"
df01975e-0857-4fea-b05f-545c5709271c	Hall-Richardson	001-489-713-3279x26261	"Unit 8658 Box 8786
DPO AP 16369"
604576e2-3ae6-4762-b538-67809cddee06	Martin-Horton	709.561.8786	"97593 Thomas Pass
Kellyborough, NC 19889"
7ecddaaf-e90b-4978-b080-f7ddea3c86bc	Bell-Fleming	717.926.0778	"09243 Hamilton Union
Kristenville, DE 26965"
6712221e-6108-4beb-bae7-8c5e2eb0ac76	Gibbs PLC	+1-978-359-2126x6751	"920 Green Pass Apt. 614
Monroeton, ME 91809"
4945e7b1-8583-4a90-85eb-8bba4f8ea99e	Duncan-Smith	001-932-816-4034x6620	"639 Barker Gateway
South Amandashire, AR 03316"
4f5cc9cc-4ad4-4eed-9e40-1f37ab0e3580	Nunez-Brown	4144102494	"PSC 9081, Box 3379
APO AE 20934"
fb7ab0ab-05a5-45d6-bf84-171c93df428f	Deleon, Marshall and Moore	(036)275-9160	"57855 Ward River Apt. 721
North Dawnfurt, VA 52236"
3313c45d-91ff-465e-a131-b99b7c67cde0	Smith Group	590-984-4996	"70237 Mccoy Center Suite 724
Dixonbury, ND 91181"
27ba9994-92be-466e-b532-12b98a9daf2c	Orr, Olsen and Martinez	633.124.6800x3186	"6224 Hernandez Cliffs
South Renee, LA 69096"
1fe3e6a7-7d17-4418-9268-4365d2c191ea	Prince, Wang and Bishop	831-724-1491	"8599 Jay Run
Lake Jacobland, NY 64041"
bec1cbbf-38e8-45de-b33a-225ce1ab9b70	Medina Ltd	001-880-306-2721x862	"7277 Clark Circle
Karenborough, HI 53651"
e68c18e4-82e7-431f-9085-37aca75fe1a6	Lucas and Sons	7828361492	"6856 Christian Valley Apt. 310
South Kristenbury, WY 35760"
fd378e3e-addc-493b-9002-1ee999dc7fe1	Wilson-Summers	506.670.2537x63177	"372 Silva Curve Suite 378
Katrinahaven, ID 54158"
b5c451cc-e7fd-470c-8569-b31ac8cffab5	Christensen-Jenkins	001-707-104-0045	"146 Erin Harbors Suite 796
North Amandaborough, NY 97995"
2f5efef9-1435-46d1-89c2-9a60c8908ec8	Rojas PLC	727-762-2795x32868	"USNS Keller
FPO AE 34533"
7cc745bd-36c8-46a0-8fbf-5e28c5082f39	Franco, Skinner and Zamora	255.432.4447x824	"6979 Gonzalez Loop Apt. 765
New Georgeberg, AK 78247"
125e782b-4973-44bd-bc9f-b4f92be7b8b7	Hendricks LLC	124-196-0242	"4418 Daniel Village
West Brandonport, IA 56647"
d2e6b837-4cfb-4c63-93bd-06e34a1fda7b	Cruz, Grant and Elliott	001-910-258-8526x72561	"47242 Christopher Pines Suite 434
East Chadmouth, MO 19989"
f4a822e6-983e-464a-b5cd-dc3deb7831bb	Warner, Ford and Johnson	478.209.0620	"69350 Kristina Cliffs Suite 621
New Howardtown, MS 56327"
a9bb18f6-1956-4c3f-a29f-853ca9e3d1e7	Hodges-Jordan	001-770-804-8482x70526	"632 Poole Skyway
Gonzalezborough, VA 58556"
c90980a4-399a-4543-88e7-e32841f955a5	Austin-Gutierrez	(915)092-2429	"63402 Patricia Lodge
Dyerborough, MH 53990"
b10ff2cc-bcd0-4e15-b559-c35e0ecae914	Johnson PLC	001-085-011-2897x8711	"9928 Bethany Motorway
Josephshire, AZ 59316"
c266bf85-f1d5-4c17-ba62-8509dba768a4	Scott Inc	155.142.4259x776	"5447 Lisa Extensions
Ashleymouth, MT 70494"
635180ab-2e55-46e2-a22f-691b6400a6d2	Cortez Group	(247)914-1923	"17453 Hodges Ports
South Gabrielleborough, TX 57529"
1d8352fb-8440-4f6c-b765-20b0486966cc	Jenkins Inc	(634)061-9347	"Unit 5517 Box 2506
DPO AE 42043"
524f1749-a30a-4701-96d7-263439e75c7f	James, Lewis and Kramer	(323)820-5826x22729	"17732 William Plaza
Moorefort, CT 82768"
9b7f119f-0ecb-4ead-9677-1a3b7ec9aace	Frye LLC	731.343.0013x695	"948 Christopher Manors Suite 096
Jonesside, IA 07451"
d0e0fd2a-4906-4a58-9f7c-1470422af2dc	Vargas-Wright	(804)202-9305x070	"02619 Gray Brook
New Scott, ND 46829"
f8360095-504e-4537-8fdd-cc4401057a09	Parker-Jackson	200-336-6508x711	"3130 Nelson Pine Apt. 778
Tarastad, CO 45546"
7c5609aa-ae36-444c-9176-700946749c4c	Stewart LLC	(042)087-2644	"2276 Rivera Cove
West Stephenburgh, WV 52350"
4413706c-fefe-4374-bb2e-38fc69e40744	Johnson-Guerrero	980-864-9549	"188 Rowe Isle
Kevinshire, NY 24071"
0877cea5-8d9d-41ea-9cfb-bad34ff7a0de	Kirk-Larson	(451)844-1599	"8673 Brenda Roads
Lake Angela, VI 34784"
d8d005f3-9308-4f53-b6bf-ebf956960b19	Roberson-Aguilar	+1-759-665-1173	"Unit 5271 Box 1758
DPO AP 18474"
291ded0d-6e21-43e4-b084-95320ec91512	Wiggins, Hart and Heath	001-119-199-9745	"092 Tiffany Stravenue Suite 774
Stevenhaven, MP 98901"
115d3573-d4ec-4575-bf8e-3e6961ed644c	Thompson PLC	450-751-6042x5597	"136 Robert Views Apt. 990
Cynthiaport, KY 25324"
18c2f583-5327-48ab-9cbb-bff162db80d8	Vaughn PLC	001-692-360-6424x64656	"42516 George Circle Apt. 888
Kaitlynberg, NH 88966"
7f5da1d6-935a-4ab2-b9a5-55b7e5efa2e4	Stout PLC	(360)092-8090	"Unit 3634 Box 3699
DPO AE 96654"
cf6a922d-de86-4201-80b2-9f4fa74cbf3d	Mason, Lopez and Jones	579.832.2145x84680	"1322 Sherry Parkways
Brittanyfurt, CA 95553"
1c8f1286-110c-430e-98cf-0687e6e05e82	Ballard-Henson	001-695-926-3044	"0368 Clayton Passage
North Wanda, UT 34779"
771cb410-48a2-44fc-b1fe-4f9725a87614	Ortiz Ltd	+1-011-172-7704	"842 Harris Shores Suite 270
South Margaretshire, TN 53508"
0c487bc9-5610-41a5-8152-6f6f98205f8c	Smith-May	(698)047-2897x959	"7982 Sophia Common
Codyside, MP 19005"
83a3fc20-1918-4f80-817e-b2ef678a8816	Johnson Inc	001-857-149-9799x310	"0426 Sarah Stravenue
Francoville, SD 29148"
82c6a0b9-4e38-49e4-8c73-0c310393a3e6	Allen LLC	(945)303-8720x75929	"9352 Kari Skyway Suite 345
New Allisonhaven, WY 96276"
c5d038b4-11a9-48b3-8c99-dcbf2546ac8f	Moore-Miller	525.565.1715x92349	"417 Grant Square
Kennedyfort, OH 56855"
17a545ec-4beb-4aa9-93d6-de84bc0f36c0	Beck, Salas and Reese	(461)295-4647x38449	"0130 Meyers Crossroad Apt. 490
Michaelborough, SC 94624"
5e8de8b5-5714-4efd-9050-29389d6b3770	Bush and Sons	001-845-237-3718x7652	"77742 Stacy Land
Jacquelinemouth, GU 44292"
eb84b6a6-0bf5-4e17-b08b-9633ddebdcad	Gray Ltd	309.782.4699	"143 Ramirez Rue
Alejandromouth, CO 25258"
a290081a-b141-411d-a999-a8447d424348	Novak-Chapman	765-302-6206x88944	"25483 Cheryl Falls
Robertside, VI 56359"
221e0027-066f-4188-b64c-da3be3c1a4a0	Cooper-Rodgers	(009)791-7028	"51374 Howe Freeway Suite 051
Petersonville, AZ 65432"
6e6477b2-c899-4b5b-b10a-a3d415bb79fe	Christian Group	(132)138-0073x662	"090 Jamie Harbor
East Amandafurt, SC 78245"
d7cd61a3-1426-4a78-baa3-fb70d5c744c4	Martinez Ltd	(636)713-3546x2641	"114 Webb Walk Suite 859
East Jessica, GA 67731"
f4537d51-c150-4827-a545-b2dcffee63a4	Martinez, Garza and Tate	(566)413-3642	"81032 Ruiz Row
South Christopherfort, NC 50803"
756d9ce3-1191-4da0-91fb-dd8f2046a6cc	Mann-Summers	060-197-4979x44566	"PSC 3047, Box 4484
APO AP 83865"
7dcacc4a-d443-491c-ba29-28fca6d94428	Jenkins, Neal and Davis	672-178-7277x1531	"2313 Ashley Inlet Suite 668
Lake Karlmouth, MO 80912"
877622c1-c1d1-49cc-b6a4-e03cb75523e6	Johnson, Martinez and Martinez	+1-236-276-7097x0415	"295 Sydney Plaza
Lucasbury, NE 35412"
32834655-c691-4f7e-9e6e-905bd9d1dc7c	Patel-Patterson	(227)956-5255x67908	"3268 Martin Coves
Port John, PW 83506"
43c69a8e-ccb6-4cf5-909f-c545a771546e	Hanson, Garcia and Howell	001-593-539-8561	"774 Sara Mountains
Garciaton, AR 24745"
b2476fb0-d325-498e-bdf7-916dee3f7b5d	Henderson-Rodriguez	001-424-184-5719x5485	"PSC 1008, Box 2123
APO AA 33119"
c1640170-a28a-40f0-975f-94beb030dc63	Robinson, Wise and Klein	001-159-457-8306	"1280 Meghan Island Apt. 337
North Sharon, ND 20816"
b43165cd-f246-45c8-93dc-a68fd09d3f75	Williams-Richardson	001-995-993-9772x03844	"337 Cody Dam
West Kennethbury, CT 90097"
a36d659a-6a72-495d-b6d2-67301916378d	Jones-Wong	5820384407	"21249 Daniels Pines Apt. 142
Reginamouth, OR 67229"
7441e562-2264-44e6-b8d7-f6a5b0bfb769	Boyd Group	001-203-813-5541x732	"91293 Lyons Lodge
Joshuaberg, OR 37112"
ebfde27c-ce31-4ea9-9299-3194d70bf604	Williams-Brown	(958)216-7400x589	"92701 Martinez Freeway Suite 843
Lake Jason, ID 94245"
ca5f5972-f4ab-44dd-8099-ddb4b7fff054	Ross PLC	(169)799-6267x81132	"276 Michael Ridge Suite 315
North Austinmouth, ND 79349"
330ce73c-163b-4117-91d0-204b1cee2b86	Gonzalez-Knight	001-832-519-1251x770	"PSC 7147, Box 2103
APO AA 70595"
b780a72c-158a-4004-adf9-b643e21864a5	Merritt Inc	996.860.8938x75844	"850 Cohen Inlet Suite 849
Sydneyton, GU 10506"
1e3628bb-d269-4625-8996-d04dff4818b8	Henderson, Owens and Walker	+1-770-644-2266x84492	"64245 Mejia Greens
West Darlene, WI 30197"
aea384d3-bbe8-4dc3-b0c2-e9e39dee2e90	Carson Inc	5811252438	"511 Kelly Stream Apt. 859
Elaineview, NV 09652"
df7a11cb-95be-441b-b83a-1b9a2d456852	Maldonado and Sons	+1-130-655-4531x7037	"904 Diaz Roads
Gayland, MI 22299"
b3cff15b-fb86-4594-987d-ad560c4e4eba	Thompson, Reid and Williams	784-897-2692x26062	"832 Michael Island Suite 871
East Bryanfurt, NY 31251"
2c082d5d-c58c-448f-bbed-1d14f0eed6e1	Smith Group	846.519.4408x1727	"74456 Flynn Cove Suite 521
Sherryland, TN 56346"
5870ea10-fe35-41a6-9441-d5ca66e87d0c	Jones-Phillips	(562)183-9902x696	"712 Moyer Shore Suite 498
Patricialand, WI 79107"
6a0b3f94-d0c4-42df-a44e-556d8af69302	Wallace Inc	348-054-8543x78631	"831 Brandi Light
West Robertshire, FM 07108"
8d8bc793-c571-4151-88ad-b3aef93c1526	Morrow, Vasquez and Molina	421-098-8632	"1550 Andrew Cove
Greermouth, MP 57287"
877a0e21-2633-4e7f-9318-ffb977e2f860	Morris-Thomas	001-037-399-7687x1574	"939 Ayala Canyon Apt. 433
Port Melissa, SD 36193"
3befa813-3160-4232-aed5-b5f6772f7dfe	Navarro, Carpenter and Johnson	(523)267-8374x8947	"60222 Jennings Bridge
Seanburgh, FL 38736"
